source_id,ra,ra_error,dec,dec_error,parallax,parallax_error,phot_g_mean_mag,bp_rp,radial_velocity,radial_velocity_error,phot_variable_flag,teff_val,a_g_val
4207681367143932672,292.3387275221844,1.4591153864190127,-7.04444871489734,1.0314788317604138,,,10.85675,,,,"NOT_AVAILABLE",,
4207681367143932800,292.3390103696164,0.09377122047359225,-7.044124305457409,0.08223272786601478,0.9600592004146419,0.10477760811453322,9.442854,1.0204434,-5.710186623792666,5.851657687795648,"VARIABLE",5095.6333,
2027971514401523456,297.09917689285885,0.02406433574722832,27.286481851581048,0.028662093972951427,0.3049998095034296,0.04063843715467825,8.053449,2.201367,10.461648950835325,2.7026536122812597,"NOT_AVAILABLE",3793.5,
4258436301367796480,280.4849249625379,0.057616798021656625,-4.110662959560294,0.057639447531025026,0.4307011757947311,0.07042463140969232,8.808347,2.2877264,,,"VARIABLE",4388.5,
4096107909387492992,275.34576125981016,0.20048290599987156,-18.860032442457637,0.20195316719685394,-0.47025642686163693,0.2803666855965455,8.204601,1.5897665,-3.1433050542340837,4.523113854281044,"VARIABLE",5095.6333,
4155020562682450944,278.39794213531343,0.5441007149693617,-10.42680192083543,0.46441553587571605,0.9747406125602226,0.5683454968384899,18.468702,,,,"NOT_AVAILABLE",,
4155020566971108224,278.3968141190148,0.04066891899628061,-10.427258437383632,0.04058781379302223,0.42025388801512586,0.05281946167721692,10.502614,2.4306755,-9.557967979516786,3.4193476985378632,"NOT_AVAILABLE",4640.3203,
3435571660360952704,97.14203181919578,0.18751550011270435,30.492978112513935,0.17548004062391365,1.4194052892008557,0.20331745782404706,8.1842785,0.2504077,14.230683074383641,5.304381340978252,"VARIABLE",7080.0,
5891675303053080704,218.13779457197197,0.02722233712032852,-56.887745488004676,0.033762535664657985,1.3396571859609512,0.04474311950096547,6.6745715,1.2764201,-15.758946973145003,3.6072540419118924,"VARIABLE",5210.0,
5835124087174043136,244.71595242468112,0.037270876155273025,-57.89980251724189,0.02211853755809484,1.061575091220469,0.04220963229268318,6.150488,1.2682366,-1.3763386482022337,2.654812561008928,"VARIABLE",5065.75,
1825621002188696448,294.15720453209343,0.024772655381799083,20.332931765237802,0.03273826631925326,1.0529894731273517,0.038967296479367426,6.6911983,1.8431687,-2.6808650785093278,2.5220015278170065,"VARIABLE",3975.0,0.728
5250032958815432832,146.31159660092177,0.2397093636054766,-62.507868900473525,0.24808253946763895,0.777286446628971,0.25649660400672947,7.5026317,,,,"VARIABLE",,
2011892703004353792,359.574871388001,0.022005658726008695,61.2210540348984,0.02552375051321259,0.2871388201326104,0.032163161953857634,10.730986,1.6097536,-82.32413689660441,5.690099085789231,"VARIABLE",4297.778,0.5123
2011892703004354688,359.57545044334853,0.050827415615052135,61.220307422689146,0.05116385749675569,0.855805231613677,0.07457233273279658,16.012152,1.0377026,,,"NOT_AVAILABLE",5095.6333,
3127142323596470144,99.27018865241854,0.034255206740707325,3.063962265996896,0.0362030736984899,0.482288023839172,0.04065929054765,9.604925,1.7819366,,,"VARIABLE",4116.17,
4240272953376907648,298.11824226268357,0.41398277011336,1.0056231429433782,0.3637878790197315,2.612058742147453,0.48539473313239223,6.984803,,,,"NOT_AVAILABLE",,
428620663657823232,7.494096943580792,0.026028557037513528,60.21195747222776,0.026152621587517744,0.42223005592211843,0.034159352477810705,8.575204,1.5618844,,,"VARIABLE",4397.6353,
1857884212378132096,312.8676764631163,0.06436622183047234,28.250482712355293,0.07937235215505734,1.6738045061961986,0.08914132808424952,5.440939,1.371902,-12.111750010654006,2.4073743059428656,"VARIABLE",4707.25,
4092905375639902464,277.97220975806414,0.03758696306881837,-19.12509894398897,0.0355964500463969,1.4600813301331412,0.044714486570567306,6.501302,1.5375996,19.377589405667916,2.8236325011556196,"VARIABLE",4287.565,
4514145288240593408,284.56144610823776,0.08170313337259423,17.360873709562973,0.08611362823444163,1.80975787593408,0.10703754259785551,5.1433163,1.1482253,-14.748832618181979,1.8941448149858415,"VARIABLE",4900.0,
1820309639468685824,299.00526386911855,0.05914538294236826,16.63476448387764,0.05318458359770867,0.6425529353755096,0.09315620122279228,5.718552,1.0886168,-16.4586827913118,3.9784019724887147,"VARIABLE",5076.0,
4757601523650165120,83.40630967798376,0.25736367537781357,-62.48977125108528,0.29666866588536595,3.1118701982234143,0.28452436159852673,5.8134713,,,,"VARIABLE",,
4094784475310672128,274.2488214288621,0.05650014887715381,-19.075831364871043,0.060163267674078355,0.513103069763086,0.07734069923494798,7.652411,1.8202472,7.669087219327881,9.951633439267143,"VARIABLE",4100.045,
4057701830728920064,266.8900756009316,0.18283263717307532,-27.830833242791314,0.16156360653434848,3.4314367740607445,0.2019658107192288,4.316964,1.0354912,,,"VARIABLE",5249.0,
3324535073449061504,96.3041689864363,0.055539333589833484,7.085697688257623,0.05644545217833279,0.5329605449881821,0.06597673017828239,6.1228223,1.5060229,29.344876067672338,11.794146442674052,"VARIABLE",4626.0,
5981406034660477696,241.23167020629077,3.363589597767221,-51.95281812452488,1.1385880404005273,,,19.734262,,,,"NOT_AVAILABLE",,
5981406000300438016,241.23009579154674,0.03617782815671114,-51.95352686503641,0.020892647871857923,0.35051871681111224,0.04536148020598461,10.5042515,2.5493574,-59.66370067142907,4.165140293752249,"NOT_AVAILABLE",3712.01,
5981406000285592064,241.23063747371398,0.3197490803260592,-51.954779992699336,0.16280914451680828,1.8973936879552222,0.5106942296403365,18.324093,,,,"NOT_AVAILABLE",,
2058374144759464064,301.1106616130615,0.026117524062872977,34.112250290692494,0.025665398293731555,0.38075751678573266,0.03324428800804977,8.637457,1.7309322,,,"VARIABLE",4119.467,
2027951173435143680,297.87876445836974,0.019260623597245632,27.460207066853087,0.024925443320687152,0.3728552994205654,0.030349340157764505,6.8699703,1.8920994,3.1815712193298884,4.34414726194784,"VARIABLE",3986.0598,0.5307
4267397694768545920,287.0572892939592,0.045545791548218265,1.2986321190011745,0.043866187105222804,0.8880773098797794,0.05447484333684092,6.945232,1.7441063,,,"VARIABLE",3955.6667,
3366754155291077632,106.02717789987445,0.2972021443574035,20.570294371690366,0.26601938252676044,2.2496770700681155,0.3006087557941395,4.065783,1.0162146,10.368092367435143,13.058811622763594,"VARIABLE",5143.45,
4267549637851481344,286.1642345250515,0.038347413341981385,1.3061436351235949,0.03780611106633044,0.42102473589381617,0.04492001761544887,7.9862185,1.7549343,,,"VARIABLE",3933.3333,0.4703
2200153454723522432,337.29288062200874,0.39325717775003194,58.41520794731212,0.3766326489938946,-1.1716798952931606,0.4680114226531575,14.425058,,-12.32590119041768,3.7092379695434317,"VARIABLE",,
5338359442320395904,164.45072691323284,0.024662608466877026,-59.732179581601414,0.02560810238916267,0.4789725460644777,0.029341750317122366,6.7958097,1.1465983,18.100980910452268,4.53258563617324,"VARIABLE",5143.45,
5932569709575669504,243.32248385662487,0.04266879787816222,-54.23489647010972,0.021404331642953404,0.48702611371817595,0.0534328987030064,8.037764,1.4532199,-41.6980313037805,1.6404273366798519,"VARIABLE",4740.075,
1870258975238302208,310.85076345786524,0.01911676964218132,35.587777281024565,0.020563349395409183,0.8982672586263467,0.027007756189095483,6.9698887,1.0525584,,,"VARIABLE",5143.45,
1825211056159949440,293.8067715126223,0.029540295122319767,19.202388670274303,0.035360047762290014,0.23606678800040481,0.05064994976472682,8.815408,2.764813,10.73779215249557,6.370517728836555,"NOT_AVAILABLE",3502.5024,1.1187
4175017625462647168,268.16124480829126,0.06939401124461163,-6.143596439681604,0.06868790218195113,1.361059042016258,0.08344344352410059,5.5648613,2.3543544,-0.3996957602785134,3.5769163559789465,"VARIABLE",3859.0,
4050309195613114624,271.25513211863625,0.2928375668150175,-29.580109066979976,0.2726653031233966,1.1797945591076429,0.4125448568152356,7.224647,,-25.443481699626407,6.92369328705624,"VARIABLE",,
